CURP,RFC,fecha_ingreso,salario
UORA607449MNEEKG54,WOED235362IY8,2018-09-25,$8052.28
LANX055956MTSRFG03,KOWB650129VS6,2015-09-27,$4865.98
IIEK157248HNEFWG28,KOZC593287KJ4,2018-10-02,$2091.76
FIZD841918MNEZTM26,GODF055695DX9,2016-07-23,$5295.64
KAMJ582926MYNJYD93,DUQE768709WH2,2016-05-30,$6267.07
IUST985301MNEXAK33,AUWF146784MT8,2017-01-04,$4763.90
BUWH488937HNEOAR53,MUEK003925IU8,2016-07-19,$8170.28
QUVA964623MYNYXM52,OUZX974528PA7,2017-07-27,$3388.10
UOXF832606MZSGFH34,XOQD459393HJ0,2017-10-17,$8205.02
ZODJ100555HNECXE76,UOCQ961816CD6,2018-05-26,$3586.37
JUIJ680369HNECVG07,AUHS459239NT1,2018-10-20,$7081.60
NIJF393827MZSLFG78,YIQS526745VC9,2017-08-28,$4168.55
ZEFX401880MNEDQC00,ZIBI569183ES6,2018-01-05,$2348.47
HUND542123MNEKDY17,JUVA999121UG7,2017-02-20,$2820.72
YULS982404HZSAFN81,ZOWK199647DS1,2018-02-24,$6560.86
GUKG308426MNESIW26,JUUK986976RP1,2016-05-31,$3880.52
NEFQ170211MNEMUN56,ROWY582510GJ2,2016-12-23,$6424.51
DOZK879754HZSDOP31,DUNS309744MY2,2015-10-28,$3328.72
QUYT493734HNECBQ58,HEJH712782KD3,2018-08-06,$8995.25
EUAN118205HNEXCQ39,BOWQ689000YP1,2018-02-20,$7683.68
QOOP560588MNEPDH54,UUUI326180DF8,2014-12-06,$6632.95
OIAY503750MZSQJO47,VUHL028998RO5,2015-10-21,$7435.10
XOAM079532HZSYTO02,DUXG314522YH8,2015-12-26,$2709.19
TOKQ741737MZSOIS10,PUXL036650OF2,2018-07-19,$5234.16
TONH937498HYNBWF93,KICZ585799KM5,2015-10-18,$2295.46
GEAP503039HNEIEX16,LUFL129220JQ7,2017-04-26,$8211.47
AUWN276815HZSKVA72,IUTY773652SG6,2018-05-16,$2717.95
IUSU946814HYNQJZ07,AUVX070400PG8,2016-05-18,$5919.15
NAZT188006MNEECP31,REWJ526488SB9,2018-06-16,$6240.56
RAYL701911HNEOSR48,SUCL465717HE4,2016-12-25,$6226.40
GUKO433304MZSLAV91,BITR746068AU9,2015-10-26,$7294.24
UEMX741737HNEOHX89,BIHR592094PI5,2014-12-28,$4681.59
IULX282626HZSIHQ43,YUNM543473EO7,2017-10-14,$3707.79
RUXD076237HNEXQG74,LOUZ278528FN5,2018-01-03,$2859.13
TOZB291861MNEWGT48,PAVT091003YV1,2016-04-14,$4116.39
EAOI517474MZSSEM81,IIKB100592XG4,2017-11-21,$2275.30
FAJL490713HNECWO26,ZOQM449983DP7,2018-10-08,$4397.26
QOFM451880MTSXOK47,RIHK121705XT6,2016-11-23,$8154.68
BEHY256468HNEDVC33,MOCU168474NZ3,2016-12-25,$8821.17
DICH016083MNEHZO01,WUKX892520JD7,2015-11-30,$3465.46
LUBD014038HNELWD80,TEOS969482OH0,2018-07-24,$4148.57
LEBO310352HNEBOW67,WUKM141057FN8,2014-11-06,$3321.22
MUOX423527HZSDYH71,DOHC472307LS9,2017-06-10,$6958.62
DUYD011735MNEIQF32,EUMO955873GX1,2017-03-19,$5814.90
KUHG237713MNENUL90,RIXW045170XN6,2017-10-01,$4447.39
UUSX548924HZSMNY75,ZUQE815065LZ9,2015-12-16,$3847.25
DUVO737229HVZXRD37,MUKR675375NC5,2017-05-30,$2125.14
EUSX661567HYNOPH79,BOJA673760GS3,2017-04-09,$3375.85
CUEZ392876MVZBUG32,DEWH268806NR5,2017-10-30,$3195.79
JOHU989671HZSPNU87,COSH865735NH0,2015-12-05,$2894.21
AUZX563185MYNZQA78,TUND293325ZG0,2018-01-19,$2772.66
HOOY163231MYNTSM60,FIAV141431QJ2,2015-04-28,$3103.02
AUTF786305MZSWFX08,JEMD005126ZI5,2015-02-19,$6144.06
IURX937566MNEHOR83,CEPQ170988RV7,2017-12-16,$3470.00
YUTF454278HNEDCR56,TUVI745406XS8,2016-12-31,$8571.51
AULM711846MNEPWI17,WULY471964BP3,2017-08-28,$5402.35
JOOR411951MNEFNW63,GONR568504RG7,2016-04-29,$4342.58
ZUES701616MZSBGI19,TAUL472727HM6,2017-02-05,$5356.40
EUFO409821MZSFOI00,LAXF026575FD4,2015-04-07,$8189.45
PIOF931849MZSDRA12,XUNV692743EL6,2018-05-01,$2565.96
EIKG383339MYNDQZ24,AIVW495858TP8,2017-08-17,$4387.72
QAAO655290MYNFSW62,GOAK453379RD7,2015-11-11,$4291.64
NUMP528637MNEBEP12,LUQZ435592KY8,2016-04-20,$5462.36
JIVN461993HZSRCA88,CEQT020635XP9,2017-01-01,$5457.10
UONJ148930MNERCL86,HOWQ580779GP9,2016-12-30,$3321.48
NIYI918193MZSYDA95,ZUIU100377PD9,2017-08-13,$6915.68
AUCD941053HNEBNA00,FUPW244479UJ5,2017-05-21,$6217.43
LOIY784210MZSWNA26,IUGR503105RT9,2017-06-12,$2941.13
WOPL488643HNEAKO13,WUJK340812FB9,2015-09-19,$4624.47
IUVE699157HNEVHO70,UUBE078823ML1,2016-02-03,$6738.71
BUFV788030MVZTXN41,MUXR042640UI2,2014-11-05,$6201.52
LOMU602509MNERWJ22,BUMB579386EN1,2015-06-06,$4776.28
FUUM920842HZSBPJ27,HEJY791725PC4,2017-12-21,$6553.68
BUMQ549428MNESKF56,EEUV346394LA8,2015-02-23,$6925.08
JOSU777565HNESCW12,MOQO580337VK0,2015-10-14,$6780.77
RIOD595459MYNBWZ55,RUNE461476TS9,2015-09-30,$3726.24
CUEG118892MZSHES38,EUEV461889BD5,2018-01-14,$6237.41
IOCU572669HZSCZB70,GAGS843136PY6,2018-09-24,$7777.95
VURB857060MVZIHN84,EUXV232594RO1,2015-02-22,$2134.87
HOEU285587MZSZRO58,BUZB339509SX6,2017-02-20,$7461.83
VIRM718903MNETNI53,CUKI194804UW4,2017-10-09,$3659.65
CUMV180316HZSKUA44,JILI292579UY6,2016-08-14,$8469.73
ROSE687885HNEDXQ03,MUZL436243RV3,2018-05-27,$4245.13
OUMB930364HZSMSU87,IEBV647414ZK4,2017-09-10,$7790.53
COZM278619HTLVMR13,RUAZ253180IL0,2017-04-04,$7336.34
DUYW178260MNEDTZ12,GOPV470874IX9,2016-07-03,$5416.08
VUGS549945HNEBUY46,FOLE160568DI9,2015-03-29,$5081.74
ROQA662777HNEQBV04,IEPQ867794MS6,2015-06-11,$5726.03
TOUW755253HVZIST86,TELR897908PK4,2017-06-10,$2143.17
EOBF523921MNEUOE44,MUMA041664FN6,2018-04-09,$3739.79
AUTZ709921MVZJGE37,JUBN919664KF7,2016-11-02,$7667.01
QOSP050762MNEFGP37,YUYJ226819BX5,2017-09-24,$5747.15
MURQ573602MNETYE43,JUZQ607662MU8,2017-12-31,$4440.89
HUOJ056750MVZJDZ99,HOTC824866YG8,2018-09-19,$4001.99
HUBZ486756MNEYXD62,BAWH739537IO1,2014-11-30,$5816.50
EIQP676915HYNMXR20,TOBM242302DM0,2015-11-19,$8294.58
WABY745955MNEMGC77,FUUQ846093VN4,2014-12-27,$4848.05
IUZO847540HZSTGN85,NUDN563174BQ3,2017-08-25,$7543.30
XUTN296904MNEZBP02,RUIH670388TD9,2016-05-03,$8038.45
CUXZ221953HZSMIE20,RUEY739867PI5,2017-10-05,$6047.69
VUGC158562HZSJYL69,WOED235362IY8,2016-12-11,$5324.93
MURI215199MZSIXC33,KOWB650129VS6,2017-09-13,$2472.49
RONR972610HNEVKD10,KOZC593287KJ4,2018-03-27,$7349.52
JUUQ291181MNEDJK77,GODF055695DX9,2017-07-25,$6075.28
IUBO964223MZSZOK49,DUQE768709WH2,2016-12-10,$6079.64
ROZL131842HNEEZY42,AUWF146784MT8,2016-10-10,$8261.92
SUTG238928MNERNC56,MUEK003925IU8,2018-07-05,$8924.49
UOYI253212HNEFHG11,OUZX974528PA7,2015-03-23,$7936.63
JUHD613477MNESMJ81,XOQD459393HJ0,2017-09-01,$2244.16
JOPY817942MZSJLK61,UOCQ961816CD6,2016-06-05,$2906.00
CUYH424673HQRQCI70,AUHS459239NT1,2018-07-06,$3704.01
COHX683798HNEUXQ71,YIQS526745VC9,2017-04-12,$4840.00
RIAV341135MNEQUN13,ZIBI569183ES6,2018-02-03,$8971.40
NEJR854342MNECDB31,JUVA999121UG7,2018-03-01,$6037.08
ZUDQ341480HZSCZD95,ZOWK199647DS1,2017-09-25,$2666.62
QUNX174647HTLEMF52,JUUK986976RP1,2017-05-14,$8084.23
QOBO356286MNESHA05,ROWY582510GJ2,2017-08-19,$7949.79
PUTV709408HZSINZ99,DUNS309744MY2,2015-09-28,$3013.86
UOEZ083441HZSZYS04,HEJH712782KD3,2017-03-20,$8217.20
RUZU161303HZSXEK23,BOWQ689000YP1,2015-03-05,$4324.73
POWF512408HVZMOU85,UUUI326180DF8,2017-12-19,$6782.20
SOIX662024HNEHQL76,VUHL028998RO5,2016-09-21,$7202.17
QUJA955933MNENJV15,DUXG314522YH8,2015-05-04,$5388.39
QUXV217110MZSKSV04,PUXL036650OF2,2018-07-15,$3405.71
YORC170790HNEGPB81,KICZ585799KM5,2017-07-01,$6244.24
POTB842089MNEKGJ96,LUFL129220JQ7,2018-09-16,$3807.00
HIQU681063MNEAJY43,IUTY773652SG6,2016-08-29,$3121.41
MOJG852973HNETVI61,AUVX070400PG8,2015-03-03,$5468.68
MUUW534931HNENPX80,REWJ526488SB9,2017-07-29,$6075.24
NUGD844315HTLEIQ21,SUCL465717HE4,2015-08-25,$2837.94
OIHB334852MTLDEH11,BITR746068AU9,2016-05-07,$5355.65
XOVE139297HNEPNK40,BIHR592094PI5,2014-11-15,$5202.29
AULA051167HNEBVT62,YUNM543473EO7,2017-11-27,$6723.54
GENJ106990MNERAY02,LOUZ278528FN5,2018-07-10,$4595.62
QIBA620407HNEJCA05,PAVT091003YV1,2015-11-16,$3406.47
HILG813889MZSVBK60,IIKB100592XG4,2015-08-09,$5941.82
UEMY021783MYNYSN76,ZOQM449983DP7,2018-07-12,$3233.51
RIUM566004MNEMIG48,RIHK121705XT6,2015-12-11,$4728.19
BIED335871MZSCFZ12,MOCU168474NZ3,2016-12-30,$7294.01
FOFC958597MVZPYM80,WUKX892520JD7,2018-07-19,$2649.86
EIPM822397MNERHL09,TEOS969482OH0,2016-06-25,$3737.65
POQK982498MZSEVZ30,WUKM141057FN8,2016-11-01,$3459.93
NOYW858164HZSMSJ59,DOHC472307LS9,2018-09-13,$6819.03
JOGE000151MZSGWT84,EUMO955873GX1,2016-05-02,$6019.36
FUNS708028MYNJPK58,RIXW045170XN6,2016-12-02,$6928.40
DUFA262965HNEHBG84,ZUQE815065LZ9,2015-08-15,$8350.17
CAGY219606HZSGOB93,MUKR675375NC5,2018-07-31,$4381.25
NICS674841MYNYUQ68,BOJA673760GS3,2016-07-07,$3342.28
PUJS856364MNENDK81,DEWH268806NR5,2018-06-23,$8705.31
TEVQ541669HYNEUF50,COSH865735NH0,2015-10-13,$2690.11
VUIE999411HNEPRE19,TUND293325ZG0,2015-01-02,$3628.77
YUQY445901HYNDCZ57,FIAV141431QJ2,2016-04-02,$3668.15
QUHZ712879MNEBTE67,JEMD005126ZI5,2017-02-09,$6792.46
YUBM765949HNEDOU42,CEPQ170988RV7,2016-11-19,$3038.77
JUHQ598756MNELVJ60,TUVI745406XS8,2015-04-21,$4284.45
VAOB080478MNEZLB51,WULY471964BP3,2017-08-10,$2636.11
BUOG587613HZSFEX39,GONR568504RG7,2016-04-09,$7857.32
GUZC834242MTSBXJ56,TAUL472727HM6,2015-04-18,$4681.07
WUKO194296HYNLQA31,LAXF026575FD4,2018-08-03,$5997.65
TURP626853MZSELJ14,XUNV692743EL6,2017-04-30,$8331.68
SULD218410HZSGAZ14,AIVW495858TP8,2018-09-13,$2113.18
YUAU798887HTLUBM08,GOAK453379RD7,2015-07-11,$6108.98
UUIS548272HNEHLC68,LUQZ435592KY8,2018-09-15,$7962.80
ROQZ624085MYNUIL94,CEQT020635XP9,2015-03-29,$7143.10
QUAU821227MNEXAI35,HOWQ580779GP9,2016-05-10,$6879.53
MIJD674262HZSQDS17,ZUIU100377PD9,2016-01-16,$8342.14
UUIA485357HYNHCG41,FUPW244479UJ5,2018-07-24,$5045.84
OOMN485031MYNBXI97,IUGR503105RT9,2016-05-28,$4866.06
JIIJ370026MNEKNG43,WUJK340812FB9,2018-10-16,$2973.18
TUEK831553HNEQAT94,UUBE078823ML1,2016-10-14,$2802.93
WOIW782029MYNPRF90,MUXR042640UI2,2017-03-01,$3210.76
NAEX873421MVZBEY17,BUMB579386EN1,2016-02-12,$5718.53
WUKN139398HNEHRF22,HEJY791725PC4,2016-01-27,$7315.98
OUZR128584MYNKIY11,EEUV346394LA8,2018-09-25,$4335.05
QAEY602919HZSLYK82,MOQO580337VK0,2016-07-31,$6557.02
IUGU524421MZSIOR81,RUNE461476TS9,2018-01-31,$2471.44
ZIDF967574MZSIEN96,EUEV461889BD5,2016-07-10,$8891.72
AUCU355136MNETGK57,GAGS843136PY6,2018-09-22,$4869.08
UUQR969667HYNWVP52,EUXV232594RO1,2016-04-10,$2804.95
FUDK140437HNEYUV65,BUZB339509SX6,2016-10-20,$7449.16
AUTF938005MYNDSV46,CUKI194804UW4,2015-06-11,$4051.81
AUJO052735HNEBPN29,JILI292579UY6,2015-06-23,$6288.92
PUPV560870HNEAXB17,MUZL436243RV3,2015-06-01,$7869.21
OUWD936329HNETME76,IEBV647414ZK4,2017-12-10,$7560.67
JOFS008828MNEQSR17,RUAZ253180IL0,2015-10-03,$5789.67
HORX802171HYNVLZ07,GOPV470874IX9,2017-05-03,$7775.80
DAVI586484MNEIXU97,FOLE160568DI9,2016-12-23,$7728.47
WUSG859629MZSUDR68,IEPQ867794MS6,2015-02-06,$8258.12
VAYL654937MZSTCX15,TELR897908PK4,2017-11-07,$3649.30
WOSQ228309MVZXDI96,MUMA041664FN6,2018-05-15,$8791.85
LUBT596794HZSUML07,JUBN919664KF7,2017-06-13,$6645.85
UUZV018762HNEIGS31,YUYJ226819BX5,2017-05-10,$6820.87
HUQP342498HNEGRS38,JUZQ607662MU8,2016-09-14,$5451.63
BUYM302511MTLCXV51,HOTC824866YG8,2015-01-19,$6661.95
VOSZ719673HNEMUN53,BAWH739537IO1,2015-07-04,$4326.04
IUGY996580MYNHGQ16,TOBM242302DM0,2016-09-28,$8257.16
PUWP295061HNEQHT85,FUUQ846093VN4,2015-11-05,$4224.03
UOOH011221MVZOHX87,NUDN563174BQ3,2018-08-07,$8344.43
MUKP748679MNEEYC80,RUIH670388TD9,2015-08-31,$3735.02
UUMK834037HTCSIN07,RUEY739867PI5,2015-09-15,$7579.13
HUHO149358MZSPGH49,WOED235362IY8,2016-05-07,$6639.41
BOND756214MZSWCF64,KOWB650129VS6,2016-04-25,$6984.58
QUDE016769MNEEXQ63,KOZC593287KJ4,2017-10-22,$8674.43
KUZH807904MNEVWQ90,GODF055695DX9,2016-11-13,$2808.86
DODP133905HZSIZH40,DUQE768709WH2,2018-09-09,$3581.10
XONF127990HNEQSM81,AUWF146784MT8,2016-05-12,$4651.54
PINP139118HZSRPW88,MUEK003925IU8,2016-02-14,$7313.44
TIML384269MYNWRB60,OUZX974528PA7,2018-03-19,$4009.27
FUQM420645MNEDNL52,XOQD459393HJ0,2017-05-07,$5570.77
UOJX227056HYNMHL33,UOCQ961816CD6,2015-10-27,$6635.49
TUFJ767771HYNECR90,AUHS459239NT1,2017-08-04,$4705.53
DUIC134523HZSKPE70,YIQS526745VC9,2014-12-29,$7247.61
BOSW859742MNEQKL80,ZIBI569183ES6,2014-12-04,$2704.92
CUOX739224HNEZWX04,JUVA999121UG7,2017-05-18,$6041.07
DIPB500231MYNHZL09,ZOWK199647DS1,2016-04-04,$5282.10
ZUIH145037HVZORZ42,JUUK986976RP1,2014-11-10,$6446.02
SUQK717907HZSPHR63,ROWY582510GJ2,2015-10-04,$4137.25
CEVA185533MVZYCO81,DUNS309744MY2,2016-03-25,$7496.37
RUZF354046MNEEBW67,HEJH712782KD3,2018-06-05,$4701.24
TUPS493772HZSPNL22,BOWQ689000YP1,2016-02-18,$2037.76
WORB381144MNEKID91,UUUI326180DF8,2016-06-06,$4665.71
YUEX427846HNEDQY72,VUHL028998RO5,2016-06-18,$6347.23
RIVU715797MNEXRS19,DUXG314522YH8,2017-05-31,$5593.56
QOYG080099HYNVEQ48,PUXL036650OF2,2017-11-17,$2851.29
ZUWC241594MNEEOJ90,KICZ585799KM5,2017-06-22,$4803.45
NUBD648649MNEIGC86,LUFL129220JQ7,2017-09-13,$5372.56
KAZN446770MZSENQ08,IUTY773652SG6,2016-05-25,$3786.53
ROID373300MNEKWD01,AUVX070400PG8,2018-03-16,$4027.43
HASB655045HZSHLF29,REWJ526488SB9,2018-01-05,$7656.88
NUNZ771193HNEDIA39,SUCL465717HE4,2016-03-25,$6341.35
GOOX625542HZSZOT91,BITR746068AU9,2014-12-01,$4868.46
XEJM453591MNEGOT13,BIHR592094PI5,2018-01-30,$3433.39
EIJY178366HNEAYG69,YUNM543473EO7,2015-04-19,$8243.92
CUTE456498HYNZUR25,LOUZ278528FN5,2016-09-20,$6341.47
EUWL957464MNEQLO91,PAVT091003YV1,2015-03-01,$2415.30
LEBG773916MNEKSN63,IIKB100592XG4,2015-04-22,$2343.89
QOPR588909MNEUSB49,ZOQM449983DP7,2016-10-13,$4147.49
RUNR986577MNEBLZ55,RIHK121705XT6,2017-07-28,$4458.77
TUEZ466235HNEVED48,MOCU168474NZ3,2016-01-21,$2575.52
PIDX649739MNEYCI54,WUKX892520JD7,2015-04-13,$7267.90
RUOT455775HYNOPL26,TEOS969482OH0,2016-02-28,$4566.31
CAWR599041HNEDVY39,WUKM141057FN8,2015-03-13,$8682.12
WULA265216MNEQSP78,DOHC472307LS9,2015-02-02,$6552.46
MIZF054274MNEALJ60,EUMO955873GX1,2017-08-18,$2399.55
AUDO257722HZSCPZ39,RIXW045170XN6,2017-01-06,$4963.44
JUEZ216840HNECUK25,ZUQE815065LZ9,2017-07-04,$4163.90
CUYS353386HZSAUR26,MUKR675375NC5,2016-07-28,$6078.83
DEGM341089MVZGIB23,BOJA673760GS3,2018-10-20,$8963.96
WIRD395950HZSLBX06,DEWH268806NR5,2018-10-02,$6388.30
AOLG974141HZSDBX92,COSH865735NH0,2016-01-11,$2339.76
RUBU742867HNELTF42,TUND293325ZG0,2015-02-24,$8749.89
AOXI694766HNESXH17,FIAV141431QJ2,2015-06-21,$6447.12
XOPK125144MNEALK66,JEMD005126ZI5,2017-08-12,$7142.36
FUEW177220HTCYGB10,CEPQ170988RV7,2017-05-22,$2067.97
NONL376124MYNKLF44,TUVI745406XS8,2014-11-14,$4747.72
PIPN757057MVZRHC14,WULY471964BP3,2016-12-25,$6332.02
EUBY771832HZSHXE59,GONR568504RG7,2018-04-11,$7850.82
UEDS068853HNECMP38,TAUL472727HM6,2014-11-11,$8011.08
FEWU220728HTLVJE55,LAXF026575FD4,2015-02-18,$7160.64
CUDV469697MYNNKC53,XUNV692743EL6,2015-04-14,$3223.14
KEHJ617505HNEYTM74,AIVW495858TP8,2015-07-24,$5752.42
MIIS468069HNEAIF25,GOAK453379RD7,2017-10-28,$4997.84
JUKN835396MVZFSU98,LUQZ435592KY8,2018-04-16,$6065.48
TUAX548976HYNQEB97,CEQT020635XP9,2016-06-14,$3974.42
WODT118293HZSJYB04,HOWQ580779GP9,2015-09-09,$2437.91
ZUDX512307HNELYI71,ZUIU100377PD9,2015-08-19,$8416.89
JUJK017989MZSESO96,FUPW244479UJ5,2016-01-18,$6773.80
AUMP579705HZSTZH10,IUGR503105RT9,2016-04-23,$7888.45
ZUHK504860MYNUSX55,WUJK340812FB9,2016-09-25,$7437.22
GUCI545430HNEMGB01,UUBE078823ML1,2014-11-11,$4587.65
PUJM189658MNEBCQ13,MUXR042640UI2,2016-11-27,$6209.66
RUAV563647MNEVMC08,BUMB579386EN1,2018-03-10,$3526.81
OIQK922565HNECAO19,HEJY791725PC4,2016-04-09,$4878.23
ZUGI811977MYNPSB35,EEUV346394LA8,2015-03-03,$8705.26
KUPS124980MYNUME65,MOQO580337VK0,2016-10-26,$5029.90
MUWD146214HNEQTM35,RUNE461476TS9,2016-03-18,$8353.10
NUJQ056496HNEVQI49,EUEV461889BD5,2018-10-31,$8932.81
XOAP073451MNEEVA42,GAGS843136PY6,2018-06-22,$2204.98
MIKQ861253MZSHQM28,EUXV232594RO1,2016-07-25,$7178.14
WUAE058209HZSDUN20,BUZB339509SX6,2015-05-23,$3062.12
OEYM547454HZSMUD94,CUKI194804UW4,2017-03-23,$2564.64
KUEQ567084MZSBEZ16,JILI292579UY6,2016-08-11,$3500.71
JUVR468368MNEDNC92,MUZL436243RV3,2017-08-24,$5652.88
OUBY901683HNEMWI47,IEBV647414ZK4,2017-04-23,$2553.70
SUGB948302MYNWZJ42,RUAZ253180IL0,2017-06-01,$5280.36
JUNW360053MNEQGK64,GOPV470874IX9,2015-12-04,$6308.15
UUHM355019MNELIP46,FOLE160568DI9,2016-03-30,$4785.97
YUKM930949HYNNIR28,IEPQ867794MS6,2016-06-15,$7976.67
PUJF172190HVZXGY33,TELR897908PK4,2016-12-18,$8821.52
WUTR347841HZSABQ01,MUMA041664FN6,2018-08-02,$3286.40
TUIU594356HTLUYT29,JUBN919664KF7,2016-03-12,$3431.57
XURY165640MYNDLF18,YUYJ226819BX5,2017-02-26,$3735.63
CIDR221018MVZERV78,JUZQ607662MU8,2014-12-12,$7950.81
VIZW773380MZSWVY35,HOTC824866YG8,2018-03-01,$5333.08
ZAAW985118HNEMFE99,BAWH739537IO1,2017-02-19,$4230.48
VOZR505862MNEXYL69,TOBM242302DM0,2016-08-15,$3035.54
UUCP741769HVZQMB08,FUUQ846093VN4,2015-09-12,$2024.10
AOVA277125MNELSF71,NUDN563174BQ3,2015-08-26,$3495.74
XIUW842198HZSLVW27,RUIH670388TD9,2018-05-29,$3409.59
QIUY404324MNENBT63,RUEY739867PI5,2018-07-16,$7712.89
JUAZ526048MNEMDT76,WOED235362IY8,2016-09-13,$3058.45
NOZU436254MNEBLH46,KOWB650129VS6,2018-04-21,$6394.58
KUFY957301HNEAWC71,KOZC593287KJ4,2016-03-18,$7633.77
YAAM670952HNETJO86,GODF055695DX9,2015-04-17,$3982.03
EOWK580694HTLQFW10,DUQE768709WH2,2014-12-20,$4371.20
LIPU077456HZSHGX56,AUWF146784MT8,2018-10-21,$2927.91
YIWU904885HZSUHP35,MUEK003925IU8,2016-12-18,$6064.31
FALV121476MNESHC27,OUZX974528PA7,2018-05-24,$5017.42
FIFU656454MYNNRZ15,XOQD459393HJ0,2015-11-23,$3572.52
WUUB523443MNENGB29,UOCQ961816CD6,2015-03-29,$6107.81
IIXP069473HNEEJL15,AUHS459239NT1,2018-02-24,$2723.23
JUIX759746HNEKSI83,YIQS526745VC9,2015-05-19,$3720.01
PEAQ854102MNEWIL30,ZIBI569183ES6,2016-06-29,$5070.44
IUPZ110676MSRHCV73,JUVA999121UG7,2016-04-22,$6164.25
YUEI352830HZSNMG78,ZOWK199647DS1,2015-08-15,$4471.06
QEKV580014HZSIUZ84,JUUK986976RP1,2017-07-29,$5565.20
BOLB398562HYNEZM62,ROWY582510GJ2,2015-01-28,$8602.85
MUIL926292MZSKRZ87,DUNS309744MY2,2015-09-29,$8982.73
ZIYK790835MNEDHI93,HEJH712782KD3,2017-03-18,$6254.35
IOPN927095MYNSMO51,BOWQ689000YP1,2016-09-17,$4456.99
LOGR383909HTSUFR37,UUUI326180DF8,2016-12-01,$3471.44
VOLJ020263MZSOIH29,VUHL028998RO5,2017-03-27,$5316.42
IUWN533336HNECTX27,DUXG314522YH8,2017-01-07,$8565.84
TIJL701777HVZICS03,PUXL036650OF2,2014-11-24,$8309.14
OODT838335MNEOMH25,KICZ585799KM5,2018-08-27,$6089.55
JORE196435MZSJQV14,LUFL129220JQ7,2018-10-05,$8051.29
TUTH634489HYNZQI86,IUTY773652SG6,2017-05-12,$3045.64
ZUUK562435MNEYBC43,AUVX070400PG8,2017-11-13,$4443.96
SOEC847079HZSSKI18,REWJ526488SB9,2015-10-14,$2198.02
YIUD726597HYNFZC21,SUCL465717HE4,2016-05-16,$5162.35
EUJG466973MVZXIE15,BITR746068AU9,2014-11-19,$2784.92
YIJU192591HYNXBV76,BIHR592094PI5,2015-05-26,$2994.23
EAWP314096HVZECK67,YUNM543473EO7,2015-12-30,$2942.12
XATL726398HZSWBT77,LOUZ278528FN5,2015-04-01,$8087.38
KUKU121813MNEDZU71,PAVT091003YV1,2015-12-10,$3740.37
NOYW112962MTCNHF42,IIKB100592XG4,2018-05-28,$3133.79
GUQO289643MNEUXY97,ZOQM449983DP7,2018-06-26,$7532.22
GUPF771495HNEWSU81,RIHK121705XT6,2017-12-02,$7578.37
GOCI947960MNEHVD79,MOCU168474NZ3,2015-03-17,$6177.87
RUJL041639MYNWDQ23,WUKX892520JD7,2015-06-17,$4804.64
WUFU667443MZSJFS03,TEOS969482OH0,2016-03-12,$2387.99
MUHD825208HNEVLB32,WUKM141057FN8,2016-01-13,$5184.87
COQT052224HZSYUM97,DOHC472307LS9,2016-09-14,$7160.71
QUJB312641MNEZFB84,EUMO955873GX1,2015-11-10,$6637.92
KOPG644873HNEEAR65,RIXW045170XN6,2016-02-08,$5918.69
IUVS025189HNEEBD01,ZUQE815065LZ9,2017-10-12,$8910.03
AUKI760794HVZEKX52,MUKR675375NC5,2015-06-25,$8165.22
KUOB623169MNELKJ46,BOJA673760GS3,2016-12-13,$2907.00
ZIKT389517HNEAFC13,DEWH268806NR5,2015-12-10,$6341.10
JUYD511390MNEAPR51,COSH865735NH0,2017-01-08,$7480.40
NUPK661389MZSWZG41,TUND293325ZG0,2017-03-14,$3789.03
HAPT924797MNEBJG93,FIAV141431QJ2,2016-08-08,$2402.06
NOQE419879HNEZBL21,JEMD005126ZI5,2015-04-10,$2269.04
GUAD954387HTLIMU26,CEPQ170988RV7,2016-01-25,$2145.86
DUQU364652HNEEFI36,TUVI745406XS8,2016-01-01,$7601.71
JIRZ748254MNEEAU05,WULY471964BP3,2017-03-17,$3795.13
GUCB983702MZSFTG91,GONR568504RG7,2018-08-31,$5017.84
RUJE993719HNEXDL76,TAUL472727HM6,2017-03-18,$7650.96
BUJH532348HTLGNP78,LAXF026575FD4,2015-04-30,$2470.53
POUJ631378HNEOYF15,XUNV692743EL6,2017-11-20,$4888.77
VIFJ553397MZSMYD91,AIVW495858TP8,2015-04-25,$7282.83
XUXE834961HYNWRK15,GOAK453379RD7,2018-02-02,$2977.39
LAFG962239MNEINK75,LUQZ435592KY8,2016-06-06,$7345.53
CUSH223972MYNROC94,CEQT020635XP9,2016-11-21,$4593.08
TUBM929126MNEXQJ29,HOWQ580779GP9,2018-03-05,$4510.61
RAJS947728HNEAIL15,ZUIU100377PD9,2017-02-10,$3044.73
TOLW768085HYNJSE00,FUPW244479UJ5,2017-03-20,$8882.98
XUJI466068HVZFHM53,IUGR503105RT9,2017-08-11,$7735.60
IUUR743217HNEDYL92,WUJK340812FB9,2017-10-27,$5357.08
VAOF147833MNESQO54,UUBE078823ML1,2017-08-28,$7142.06
EUGA423129HNENOQ08,MUXR042640UI2,2016-02-24,$5146.42
NEUC704928MVZRGM61,BUMB579386EN1,2015-01-18,$7221.89
XUUO504996MNEVZU57,HEJY791725PC4,2015-11-07,$5694.36
KUQJ965006MNEHRK17,EEUV346394LA8,2017-07-28,$2168.27
KAOR285582MNETLM35,MOQO580337VK0,2017-08-01,$3134.24
VIAI409840MNEHZX90,RUNE461476TS9,2016-01-06,$8568.81
QUDR389673HZSFKD67,EUEV461889BD5,2017-04-01,$8777.15
GUMC005237HZSBRX94,GAGS843136PY6,2016-12-01,$2323.63
EUPO108752HZSXKL91,EUXV232594RO1,2018-02-15,$4120.48
VIWV661449HTLJPM44,BUZB339509SX6,2017-08-18,$6418.15
HUOH796875HNEXWN74,CUKI194804UW4,2016-05-23,$8409.61
AUAB008887MNEBJD01,JILI292579UY6,2015-03-21,$8371.17
WICP628816MVZHZG36,MUZL436243RV3,2015-06-16,$7461.95
RUKN223385HNELXP36,IEBV647414ZK4,2018-09-06,$6922.24
LIEI613132HZSWSL91,RUAZ253180IL0,2016-10-19,$7395.69
BIFJ136365HVZWRA47,GOPV470874IX9,2017-09-15,$8202.97
GEHW239730HZSRQW47,FOLE160568DI9,2016-03-19,$8615.65
BAMF837454MYNNCX89,IEPQ867794MS6,2015-05-02,$8539.08
AIVC074056HNEZGD83,TELR897908PK4,2016-10-31,$3268.35
OOIH010742MVZFAB54,MUMA041664FN6,2015-07-19,$6369.90
CUHA320494MNELBD55,JUBN919664KF7,2016-11-21,$4707.05
ZUBW208890MNEQSK46,YUYJ226819BX5,2015-07-22,$6312.19
KEAV244975MVZNKP51,JUZQ607662MU8,2017-11-25,$4908.20
WIMW478912HNEAEH46,HOTC824866YG8,2018-09-08,$3664.76
EACA366787MZSYSO06,BAWH739537IO1,2016-08-20,$4587.18
OOJP743398MNEHRF20,TOBM242302DM0,2018-02-07,$6981.73
YOCT873514MZSPGI54,FUUQ846093VN4,2017-01-26,$2778.42
GIJW539731MNEHKB57,NUDN563174BQ3,2017-12-09,$2089.76
GUNV600734MNEVQL89,RUIH670388TD9,2017-11-22,$2451.80
RUCE488332MNERDQ53,RUEY739867PI5,2018-06-05,$5151.51
EUDG233891MYNXZV20,WOED235362IY8,2015-07-25,$3458.23
MIOB604635MNELMP89,KOWB650129VS6,2016-08-07,$7635.83
IIRM940441HNETFE41,KOZC593287KJ4,2016-04-22,$6493.64
EUDU187775HTSHBE60,GODF055695DX9,2015-11-21,$6635.48
MUPT943961MZSXTU09,DUQE768709WH2,2015-08-07,$2075.04
JUUT249270HVZKFX61,AUWF146784MT8,2015-12-18,$5101.21
RUQA879249HNEWGK66,MUEK003925IU8,2015-05-18,$5541.59
JOEH122580MNEPBA13,OUZX974528PA7,2016-02-05,$4816.50
FUXT804499MNEMBR92,XOQD459393HJ0,2016-04-08,$5093.17
DUZV186437MNEGLM55,UOCQ961816CD6,2018-07-02,$7890.45
QONV586423MTLJXB76,AUHS459239NT1,2016-01-18,$4107.83
IINY046087HYNRBP57,YIQS526745VC9,2018-08-12,$8626.17
CEXZ545762HNEWXT96,ZIBI569183ES6,2015-07-22,$8085.14
YEFO597586HNEQRH14,JUVA999121UG7,2016-05-25,$5440.94
AOBR034506HVZDZS40,ZOWK199647DS1,2016-12-16,$3021.15
WUEW662796HZSBFE70,JUUK986976RP1,2017-09-23,$6512.35
GUTX360756MZSVQL65,ROWY582510GJ2,2018-08-26,$3613.80
CUZH600300HVZLQV10,DUNS309744MY2,2015-01-24,$4697.43
JUZF997854MNEBAM93,HEJH712782KD3,2016-11-18,$6543.13
XOUG569694MNEHBT70,BOWQ689000YP1,2018-10-24,$6646.78
DOQF510401MNECDK69,UUUI326180DF8,2018-08-10,$6161.09
ZUIJ912140MNEIZM80,VUHL028998RO5,2016-03-21,$7746.73
VIIH789853HNEYLH54,DUXG314522YH8,2017-02-21,$3325.60
EIQL352656MNEYDR62,PUXL036650OF2,2015-08-23,$5792.21
ZOUT938154HZSMQC90,KICZ585799KM5,2017-02-22,$4060.66
FOMY135627MNEHXZ35,LUFL129220JQ7,2016-10-06,$6491.93
VUMS626279MZSNZS43,IUTY773652SG6,2015-06-07,$7534.02
FOGY890028HZSBRO24,AUVX070400PG8,2016-11-03,$7049.11
EUNP094906HNEOQK29,REWJ526488SB9,2016-09-14,$7648.33
OOFN782984HYNIEV91,SUCL465717HE4,2017-09-16,$7286.81
SUCU418549HZSBFS35,BITR746068AU9,2017-10-15,$7729.50
NOZU243334HNEXHS54,BIHR592094PI5,2016-06-10,$5768.56
JUSN681500HNEFQD35,YUNM543473EO7,2018-06-22,$3751.12
GAQX014821MNETBG68,LOUZ278528FN5,2017-04-11,$5370.72
MOQH720419MNEPVA78,PAVT091003YV1,2017-01-11,$4967.60
GOQE732299HNEBUH94,IIKB100592XG4,2015-04-02,$7064.31
TAOC932499MYNISL70,ZOQM449983DP7,2018-02-13,$4605.74
RUIN154458MZSBCX74,RIHK121705XT6,2014-11-29,$5424.50
MULX479776MZSYUR80,MOCU168474NZ3,2018-07-30,$8997.08
XUPO441744HNEWDB35,WUKX892520JD7,2016-11-24,$7305.20
EUYN961882HVZSVP76,TEOS969482OH0,2018-01-31,$5033.44
LUHR722891HZSTJR14,WUKM141057FN8,2016-06-22,$4640.57
GOAQ650245MNEDQU32,DOHC472307LS9,2015-01-17,$6741.51
GULB851784MYNSXE53,EUMO955873GX1,2016-07-20,$4733.50
WUFL683709MZSKEA52,RIXW045170XN6,2015-09-22,$8790.87
OAGT152119MZSXGJ32,ZUQE815065LZ9,2017-06-02,$2293.45
ZIXL975594HVZWQM65,ZUQE815065LZ9,2015-06-30,$5179.77
UUPE840085HYNOZR47,BOJA673760GS3,2015-06-09,$7391.41
SUJG937244HZSHOQ50,DEWH268806NR5,2016-05-25,$4923.32
SOXV773998HNEVWY39,COSH865735NH0,2017-06-24,$5841.12
SILU786919MTSMDN07,TUND293325ZG0,2016-02-03,$5936.38
KUAE329445MNELQC26,FIAV141431QJ2,2015-09-12,$6831.35
ZOFY900821HNEDTM99,JEMD005126ZI5,2017-08-13,$3244.81
MUZS255958HNEVFK05,CEPQ170988RV7,2016-11-28,$7393.76
HUPN163721MNEUMK21,TUVI745406XS8,2018-05-11,$2709.24
BOAT802187HNEQUY44,WULY471964BP3,2017-05-08,$7467.02
BOVB224327HNEPCE05,GONR568504RG7,2018-01-17,$5455.03
UIKM304066MNEDOT89,TAUL472727HM6,2016-03-05,$4775.76
GOBY477032MNELVM44,LAXF026575FD4,2016-06-23,$3817.65
MILW563807MNEIWR39,XUNV692743EL6,2018-03-05,$5120.66
YEAZ611576HZSSZO72,AIVW495858TP8,2016-01-22,$6209.52
MOXJ671307HZSVMC08,GOAK453379RD7,2018-05-08,$5829.88
KUNR805447HZSMQV98,LUQZ435592KY8,2018-04-07,$3665.68
FOGV360468HNEQCI54,CEQT020635XP9,2015-03-28,$3849.78
JUMG462736HTSKHB38,HOWQ580779GP9,2015-05-28,$6387.76
XUCI785654MZSBPM88,ZUIU100377PD9,2015-08-19,$6560.19
OUXM294584HNEQCG31,FUPW244479UJ5,2018-07-07,$2115.53
QUPF671303HNENQL58,IUGR503105RT9,2016-10-15,$5217.87
EUKT657760MNEBWK35,WUJK340812FB9,2014-11-22,$7474.55
AUFR711622HZSHYP10,UUBE078823ML1,2017-04-17,$7576.06
OUBH096462HNEOTZ66,MUXR042640UI2,2018-02-17,$7908.67
RUVC120682MYNNRJ09,BUMB579386EN1,2015-11-06,$8159.08
JIJQ506588HNEKDC30,HEJY791725PC4,2018-10-09,$7702.02
UUUM559100HNEQIP12,EEUV346394LA8,2017-02-12,$2645.80
EOOJ513432MVZKMH08,MOQO580337VK0,2015-08-27,$3488.66
HUBM601387HNEQSK31,RUNE461476TS9,2018-10-25,$5003.25
AOWB231671HNEDPK36,EUEV461889BD5,2015-09-23,$8698.15
EOMX717016MNEUFZ46,GAGS843136PY6,2018-04-26,$5727.33
IUZS389648MNEWKS71,EUXV232594RO1,2018-01-19,$8835.81
FUMQ777730HNETRP20,BUZB339509SX6,2018-02-21,$8916.64
FUTV034461MNEKEQ63,CUKI194804UW4,2016-07-26,$7151.04
XENA585216HNEQRG06,JILI292579UY6,2018-06-24,$2438.95
CUFY758468HTSEPS03,MUZL436243RV3,2018-11-02,$8368.97
AUJG556249MNEMXD82,IEBV647414ZK4,2017-09-22,$2644.34
TAXH588474MNELTD61,RUAZ253180IL0,2015-09-23,$3272.08
TIZY634500HYNVHI18,GOPV470874IX9,2015-06-01,$3809.40
RORD710658MNEBTM82,FOLE160568DI9,2016-06-07,$8544.98
EUNV152433HNEALB17,IEPQ867794MS6,2017-11-18,$2297.72
MIZQ516357MNEIRE59,TELR897908PK4,2016-08-14,$4798.91
DOPJ649771MZSFRO20,MUMA041664FN6,2018-07-06,$5905.39
UIEM344024MNEIYN07,JUBN919664KF7,2016-05-23,$4707.29
HUUA247353HZSRAD38,YUYJ226819BX5,2018-11-03,$5280.43
CIKD747674HZSMTW22,JUZQ607662MU8,2016-04-05,$2648.38
RURB635794MZSZVH93,HOTC824866YG8,2016-06-26,$7086.93
CIPZ118727MNERGH91,BAWH739537IO1,2016-10-26,$7020.68
YUHJ431741MVZJZU07,TOBM242302DM0,2016-07-12,$4507.75
NUKY279967MNEGFT22,FUUQ846093VN4,2016-12-28,$5989.92
OIKP469817MZSFWA46,NUDN563174BQ3,2015-10-21,$6579.99
NUWP703679MZSMVC07,RUIH670388TD9,2018-08-02,$5540.10
OAMO447045HZSRNW54,RUEY739867PI5,2016-08-24,$6757.16
UORA607449MNEEKG54,MUMA041664FN6,2018-10-05,$5829.88
LANX055956MTSRFG03,JUBN919664KF7,2017-05-12,$3665.68
IIEK157248HNEFWG28,YUYJ226819BX5,2017-11-13,$3849.78
FIZD841918MNEZTM26,JUZQ607662MU8,2015-10-14,$6387.76
KAMJ582926MYNJYD93,HOTC824866YG8,2016-05-16,$6560.19
IUST985301MNEXAK33,BAWH739537IO1,2014-11-19,$2115.53
BUWH488937HNEOAR53,TOBM242302DM0,2015-05-26,$5217.87
QUVA964623MYNYXM52,FUUQ846093VN4,2015-12-30,$7474.55
UOXF832606MZSGFH34,NUDN563174BQ3,2015-04-01,$7576.06
UORA607449MNEEKG54,RUIH670388TD9,2015-12-10,$7908.67
LANX055956MTSRFG03,RUEY739867PI5,2018-05-28,$8159.08
IIEK157248HNEFWG28,EUXV232594RO1,2018-06-26,$7702.02
FIZD841918MNEZTM26,BUZB339509SX6,2017-12-02,$2645.80
KAMJ582926MYNJYD93,CUKI194804UW4,2015-03-17,$3488.66
IUST985301MNEXAK33,JILI292579UY6,2015-06-17,$5003.25
BUWH488937HNEOAR53,MUZL436243RV3,2016-03-12,$8698.15
QUVA964623MYNYXM52,IEBV647414ZK4,2016-01-13,$5727.33
UOXF832606MZSGFH34,RUAZ253180IL0,2016-09-14,$8835.81
